{
  "epochs": [
    {
      "epoch": 1,
      "train_loss": 1.5568961262702943,
      "val_loss": 1.6442800504820687
    },
    {
      "epoch": 2,
      "train_loss": 0.6152046315371991,
      "val_loss": 0.6126402318477631
    }
  ],
  "best_val_loss": 0.6126402318477631,
  "best_epoch": 2
}