{
  "epochs": [
    {
      "epoch": 1,
      "train_loss": 1.5595363229513168,
      "val_loss": 1.6393520065716334
    },
    {
      "epoch": 2,
      "train_loss": 0.6226192303001881,
      "val_loss": 0.605122025523867
    }
  ],
  "best_val_loss": 0.605122025523867,
  "best_epoch": 2
}