clusterer,refinement,mean_ARI,mean_NMI,mean_mIoU,mean_mCov,mean_mWCov,mean_mRec,mean_mPrec,mean_mWPrec,mean_number_of_faces_error,mean_over_segmentation_rate,mean_under_segmentation_rate
dgcnn,off,0.8754429949979254,0.8495503565744331,0.9154953490853438,0.9191510130580394,0.9204226960494337,0.9679172679172678,0.7562504554928798,0.9478657502011215,1.2222222222222223,0.03460798460798461,0.08320980366434912
dgcnn,handtuned,0.8838688872800631,0.8583311745299964,0.9227868533103459,0.9227654841722295,0.9275190811551788,0.9674122174122174,0.9179172679172679,0.9699315350335775,0.31313131313131315,0.01911976911976912,0.03855218855218855
dgcnn,lgb06,0.874617607264655,0.8457217250791448,0.9251008394194185,0.922561803440071,0.9309064660184273,0.9615199615199617,0.9413179413179413,0.9728895611660212,0.21212121212121213,0.01911976911976912,0.04461279461279462
rg,off,0.38830800546317984,0.3846295851185625,0.6107943110133613,0.6334677875965797,0.6594827174451737,0.5678451178451178,0.49829244829244823,0.6452211796285013,1.1515151515151516,0.015993265993265993,0.48884078884078885
rg,handtuned,0.3899367784900634,0.3874769253212837,0.6174905282123491,0.6350350434013459,0.6617333718949239,0.5703703703703704,0.5668109668109668,0.6541284034199073,0.9797979797979798,0.013468013468013467,0.44978354978354973
rg,lgb06,0.3877651747968538,0.38687106931440207,0.6232630250210524,0.6336580402314927,0.6595601043791154,0.5678451178451178,0.5743867243867243,0.6512204978421763,1.0101010101010102,0.015993265993265993,0.443049543049543
softmax,off,0.8808555091383353,0.8523264668523028,0.9129034989197807,0.902057696010563,0.921073158596301,0.9448292448292448,0.9328282828282828,0.9790657037015075,0.31313131313131315,0.040163540163540165,0.08114478114478114
softmax,handtuned,0.8615474313676789,0.84131007507103,0.9199896138224959,0.8930212095759951,0.9154658860534542,0.9192159692159692,0.9501683501683501,0.9700207650272372,0.3838383838383838,0.014309764309764309,0.09208754208754208
softmax,lgb06,0.8312515541023751,0.8128594582027394,0.9060126860843962,0.8792712871138455,0.9007581333424167,0.9053872053872053,0.948989898989899,0.9588667215932928,0.3838383838383838,0.01936026936026936,0.11313131313131312
