{
  "mean_ARI": 0.8754429949979254,
  "mean_NMI": 0.8495503565744331,
  "mean_mIoU": 0.9154953490853438,
  "mean_mCov": 0.9191510130580394,
  "mean_mWCov": 0.9204226960494337,
  "mean_mRec": 0.9679172679172678,
  "mean_mPrec": 0.7562504554928798,
  "mean_mWPrec": 0.9478657502011215,
  "mean_number_of_faces_error": 1.2222222222222223,
  "mean_over_segmentation_rate": 0.03460798460798461,
  "mean_under_segmentation_rate": 0.08320980366434912,
  "n_scenes": 99.0
}