clusterer,refinement,mean_ARI,mean_NMI,mean_mIoU,mean_mCov,mean_mWCov,mean_mRec,mean_mPrec,mean_mWPrec,mean_number_of_faces_error,mean_over_segmentation_rate,mean_under_segmentation_rate
dgcnn,off,0.8755554689008773,0.8496727592831743,0.9155653263226612,0.919220990295357,0.9204940942589565,0.9679172679172678,0.757597256839681,0.9479397322086973,1.2121212121212122,0.03460798460798461,0.08320980366434912
dgcnn,handtuned,0.8838690015255191,0.8583348191177902,0.9227871656362135,0.9227657964980971,0.9275190579856422,0.9674122174122174,0.9179172679172679,0.9699315350335775,0.31313131313131315,0.01911976911976912,0.03855218855218855
dgcnn,lgb06,0.874617721510111,0.8457253696669389,0.9251011517452862,0.9225621157659385,0.9309064428488908,0.9615199615199617,0.9413179413179413,0.9728895611660212,0.21212121212121213,0.01911976911976912,0.04461279461279462
rg,off,0.23365232169443317,0.23073675675293936,0.530503365111946,0.5451249057368529,0.5815791586285453,0.44225589225589224,0.4387205387205387,0.5656817938939407,1.3333333333333333,0.017508417508417508,0.584006734006734
rg,handtuned,0.23285408030730365,0.23020415567273167,0.5369985831908217,0.5448845697603549,0.5813781213298024,0.44225589225589224,0.49175084175084177,0.5699669945877484,1.2222222222222223,0.017508417508417508,0.5604377104377104
rg,lgb06,0.23186148710506327,0.22928707563437348,0.5521307559309822,0.5448605420131071,0.5810654855249844,0.44225589225589224,0.4936026936026936,0.5703460955816779,1.3232323232323233,0.017508417508417508,0.5739057239057239
softmax,off,0.8808410353264988,0.8523098818580163,0.9128941096604226,0.9020483067512048,0.9210640148882968,0.9448292448292448,0.9328282828282828,0.9790657037015075,0.31313131313131315,0.040163540163540165,0.08114478114478114
softmax,handtuned,0.8615329575558424,0.8412934900767431,0.9199802245631377,0.893011820316637,0.9154567423454502,0.9192159692159692,0.9501683501683501,0.9700207650272372,0.3838383838383838,0.014309764309764309,0.09208754208754208
softmax,lgb06,0.8312370802905388,0.8128428732084526,0.906003296825038,0.8792618978544874,0.9007489896344126,0.9053872053872053,0.948989898989899,0.9588667215932928,0.3838383838383838,0.01936026936026936,0.11313131313131312
