clusterer,refinement,mean_ARI,mean_NMI,mean_mIoU,mean_mCov,mean_mWCov,mean_mRec,mean_mPrec,mean_mWPrec,mean_number_of_faces_error,mean_over_segmentation_rate,mean_under_segmentation_rate
dgcnn,off,0.8755554689008773,0.8496727592831743,0.9155653263226612,0.919220990295357,0.9204940942589565,0.9679172679172678,0.757597256839681,0.9479397322086973,1.2121212121212122,0.03460798460798461,0.08320980366434912
dgcnn,handtuned,0.8838690015255191,0.8583348191177902,0.9227871656362135,0.9227657964980971,0.9275190579856422,0.9674122174122174,0.9179172679172679,0.9699315350335775,0.31313131313131315,0.01911976911976912,0.03855218855218855
dgcnn,lgb06,0.874617721510111,0.8457253696669389,0.9251011517452862,0.9225621157659385,0.9309064428488908,0.9615199615199617,0.9413179413179413,0.9728895611660212,0.21212121212121213,0.01911976911976912,0.04461279461279462
rg,off,0.3883054683807088,0.3846285327124202,0.6107917476721555,0.6334673625478964,0.6594817320522288,0.5678451178451178,0.49829244829244823,0.6452211796285013,1.1515151515151516,0.015993265993265993,0.48884078884078885
rg,handtuned,0.3899342414075923,0.38747587291514135,0.6174879648711432,0.6350346183526625,0.6617323865019789,0.5703703703703704,0.5668109668109668,0.6541284034199073,0.9797979797979798,0.013468013468013467,0.44978354978354973
rg,lgb06,0.38776263771438285,0.3868700169082597,0.6232604616798464,0.6336576151828094,0.6595591189861705,0.5678451178451178,0.5743867243867243,0.6512204978421763,1.0101010101010102,0.015993265993265993,0.443049543049543
softmax,off,0.8808410353264988,0.8523098818580163,0.9128941096604226,0.9020483067512048,0.9210640148882968,0.9448292448292448,0.9328282828282828,0.9790657037015075,0.31313131313131315,0.040163540163540165,0.08114478114478114
softmax,handtuned,0.8615329575558424,0.8412934900767431,0.9199802245631377,0.893011820316637,0.9154567423454502,0.9192159692159692,0.9501683501683501,0.9700207650272372,0.3838383838383838,0.014309764309764309,0.09208754208754208
softmax,lgb06,0.8312370802905388,0.8128428732084526,0.906003296825038,0.8792618978544874,0.9007489896344126,0.9053872053872053,0.948989898989899,0.9588667215932928,0.3838383838383838,0.01936026936026936,0.11313131313131312
