{
  "mean_ARI": 0.7973469785415088,
  "mean_NMI": 0.7924856998232819,
  "mean_mIoU": 0.8508070118359352,
  "mean_mCov": 0.8472809977081189,
  "mean_mWCov": 0.8875659744427284,
  "mean_mRec": 0.869443321486123,
  "mean_mPrec": 0.7523936639452204,
  "mean_mWPrec": 0.9284496271707819,
  "mean_number_of_faces_error": 1.206225680933852,
  "mean_over_segmentation_rate": 0.03890601400329027,
  "mean_under_segmentation_rate": 0.12343020684460373,
  "n_scenes": 514.0
}