{
  "mean_ARI": 0.7529215158893104,
  "mean_NMI": 0.7546046718860967,
  "mean_mIoU": 0.8506464207205855,
  "mean_mCov": 0.8181660392441545,
  "mean_mWCov": 0.8624137444729977,
  "mean_mRec": 0.8333019606852292,
  "mean_mPrec": 0.8394333131200835,
  "mean_mWPrec": 0.9317432230894067,
  "mean_number_of_faces_error": 0.8793774319066148,
  "mean_over_segmentation_rate": 0.03066750046322031,
  "mean_under_segmentation_rate": 0.15977893161745302,
  "n_scenes": 514.0
}