{
  "mean_ARI": 0.7532157436711795,
  "mean_NMI": 0.7551980459900817,
  "mean_mIoU": 0.8486830684757,
  "mean_mCov": 0.81857054660913,
  "mean_mWCov": 0.8626718647449336,
  "mean_mRec": 0.8335798928697761,
  "mean_mPrec": 0.8381438060426386,
  "mean_mWPrec": 0.9317402958323147,
  "mean_number_of_faces_error": 0.8618677042801557,
  "mean_over_segmentation_rate": 0.03232751360183266,
  "mean_under_segmentation_rate": 0.15877269077658182,
  "n_scenes": 514.0
}