{
  "mean_ARI": 0.7812274525019532,
  "mean_NMI": 0.7805778970688402,
  "mean_mIoU": 0.8841658361190569,
  "mean_mCov": 0.8347701219031909,
  "mean_mWCov": 0.8819351250192102,
  "mean_mRec": 0.8533610844408509,
  "mean_mPrec": 0.8842999197084801,
  "mean_mWPrec": 0.9401582150491192,
  "mean_number_of_faces_error": 0.7665369649805448,
  "mean_over_segmentation_rate": 0.02944165108561995,
  "mean_under_segmentation_rate": 0.11393521091964671,
  "n_scenes": 514.0
}