{
  "mean_ARI": 0.8615474313676789,
  "mean_NMI": 0.84131007507103,
  "mean_mIoU": 0.9199896138224959,
  "mean_mCov": 0.8930212095759951,
  "mean_mWCov": 0.9154658860534542,
  "mean_mRec": 0.9192159692159692,
  "mean_mPrec": 0.9501683501683501,
  "mean_mWPrec": 0.9700207650272372,
  "mean_number_of_faces_error": 0.3838383838383838,
  "mean_over_segmentation_rate": 0.014309764309764309,
  "mean_under_segmentation_rate": 0.09208754208754208,
  "n_scenes": 99.0
}