{
  "mean_ARI": 0.8838688872800631,
  "mean_NMI": 0.8583311745299964,
  "mean_mIoU": 0.9227868533103459,
  "mean_mCov": 0.9227654841722295,
  "mean_mWCov": 0.9275190811551788,
  "mean_mRec": 0.9674122174122174,
  "mean_mPrec": 0.9179172679172679,
  "mean_mWPrec": 0.9699315350335775,
  "mean_number_of_faces_error": 0.31313131313131315,
  "mean_over_segmentation_rate": 0.01911976911976912,
  "mean_under_segmentation_rate": 0.03855218855218855,
  "n_scenes": 99.0
}