{
  "mean_ARI": 0.3877651747968538,
  "mean_NMI": 0.38687106931440207,
  "mean_mIoU": 0.6232630250210524,
  "mean_mCov": 0.6336580402314927,
  "mean_mWCov": 0.6595601043791154,
  "mean_mRec": 0.5678451178451178,
  "mean_mPrec": 0.5743867243867243,
  "mean_mWPrec": 0.6512204978421763,
  "mean_number_of_faces_error": 1.0101010101010102,
  "mean_over_segmentation_rate": 0.015993265993265993,
  "mean_under_segmentation_rate": 0.443049543049543,
  "n_scenes": 99.0
}