{
  "mean_ARI": 0.23186148710506327,
  "mean_NMI": 0.22928707563437348,
  "mean_mIoU": 0.5521307559309822,
  "mean_mCov": 0.5448605420131071,
  "mean_mWCov": 0.5810654855249844,
  "mean_mRec": 0.44225589225589224,
  "mean_mPrec": 0.4936026936026936,
  "mean_mWPrec": 0.5703460955816779,
  "mean_number_of_faces_error": 1.3232323232323233,
  "mean_over_segmentation_rate": 0.017508417508417508,
  "mean_under_segmentation_rate": 0.5739057239057239,
  "n_scenes": 99.0
}