{
  "mean_ARI": 0.38776263771438285,
  "mean_NMI": 0.3868700169082597,
  "mean_mIoU": 0.6232604616798464,
  "mean_mCov": 0.6336576151828094,
  "mean_mWCov": 0.6595591189861705,
  "mean_mRec": 0.5678451178451178,
  "mean_mPrec": 0.5743867243867243,
  "mean_mWPrec": 0.6512204978421763,
  "mean_number_of_faces_error": 1.0101010101010102,
  "mean_over_segmentation_rate": 0.015993265993265993,
  "mean_under_segmentation_rate": 0.443049543049543,
  "n_scenes": 99.0
}