{
  "mean_ARI": 0.3899367784900634,
  "mean_NMI": 0.3874769253212837,
  "mean_mIoU": 0.6174905282123491,
  "mean_mCov": 0.6350350434013459,
  "mean_mWCov": 0.6617333718949239,
  "mean_mRec": 0.5703703703703704,
  "mean_mPrec": 0.5668109668109668,
  "mean_mWPrec": 0.6541284034199073,
  "mean_number_of_faces_error": 0.9797979797979798,
  "mean_over_segmentation_rate": 0.013468013468013467,
  "mean_under_segmentation_rate": 0.44978354978354973,
  "n_scenes": 99.0
}