{
  "mean_ARI": 0.3899342414075923,
  "mean_NMI": 0.38747587291514135,
  "mean_mIoU": 0.6174879648711432,
  "mean_mCov": 0.6350346183526625,
  "mean_mWCov": 0.6617323865019789,
  "mean_mRec": 0.5703703703703704,
  "mean_mPrec": 0.5668109668109668,
  "mean_mWPrec": 0.6541284034199073,
  "mean_number_of_faces_error": 0.9797979797979798,
  "mean_over_segmentation_rate": 0.013468013468013467,
  "mean_under_segmentation_rate": 0.44978354978354973,
  "n_scenes": 99.0
}