{
  "mean_ARI": 0.38830800546317984,
  "mean_NMI": 0.3846295851185625,
  "mean_mIoU": 0.6107943110133613,
  "mean_mCov": 0.6334677875965797,
  "mean_mWCov": 0.6594827174451737,
  "mean_mRec": 0.5678451178451178,
  "mean_mPrec": 0.49829244829244823,
  "mean_mWPrec": 0.6452211796285013,
  "mean_number_of_faces_error": 1.1515151515151516,
  "mean_over_segmentation_rate": 0.015993265993265993,
  "mean_under_segmentation_rate": 0.48884078884078885,
  "n_scenes": 99.0
}