{
  "mean_ARI": 0.23285408030730365,
  "mean_NMI": 0.23020415567273167,
  "mean_mIoU": 0.5369985831908217,
  "mean_mCov": 0.5448845697603549,
  "mean_mWCov": 0.5813781213298024,
  "mean_mRec": 0.44225589225589224,
  "mean_mPrec": 0.49175084175084177,
  "mean_mWPrec": 0.5699669945877484,
  "mean_number_of_faces_error": 1.2222222222222223,
  "mean_over_segmentation_rate": 0.017508417508417508,
  "mean_under_segmentation_rate": 0.5604377104377104,
  "n_scenes": 99.0
}