{
  "mean_ARI": 0.3883054683807088,
  "mean_NMI": 0.3846285327124202,
  "mean_mIoU": 0.6107917476721555,
  "mean_mCov": 0.6334673625478964,
  "mean_mWCov": 0.6594817320522288,
  "mean_mRec": 0.5678451178451178,
  "mean_mPrec": 0.49829244829244823,
  "mean_mWPrec": 0.6452211796285013,
  "mean_number_of_faces_error": 1.1515151515151516,
  "mean_over_segmentation_rate": 0.015993265993265993,
  "mean_under_segmentation_rate": 0.48884078884078885,
  "n_scenes": 99.0
}