{
  "mean_ARI": 0.8755554689008773,
  "mean_NMI": 0.8496727592831743,
  "mean_mIoU": 0.9155653263226612,
  "mean_mCov": 0.919220990295357,
  "mean_mWCov": 0.9204940942589565,
  "mean_mRec": 0.9679172679172678,
  "mean_mPrec": 0.757597256839681,
  "mean_mWPrec": 0.9479397322086973,
  "mean_number_of_faces_error": 1.2121212121212122,
  "mean_over_segmentation_rate": 0.03460798460798461,
  "mean_under_segmentation_rate": 0.08320980366434912,
  "n_scenes": 99.0
}