{
  "mean_ARI": 0.9009422136224677,
  "mean_NMI": 0.866380355736661,
  "mean_mIoU": 0.9361823050811506,
  "mean_mCov": 0.9361797633070941,
  "mean_mWCov": 0.9418104871710985,
  "mean_mRec": 0.98989898989899,
  "mean_mPrec": 0.7581088664421998,
  "mean_mWPrec": 0.9757683224049929,
  "mean_number_of_faces_error": 1.1313131313131313,
  "mean_over_segmentation_rate": 0.01936026936026936,
  "mean_under_segmentation_rate": 0.05402837902837902,
  "n_scenes": 99.0
}