{
  "mean_ARI": 0.8858214334457196,
  "mean_NMI": 0.8561375167622266,
  "mean_mIoU": 0.9259707635773163,
  "mean_mCov": 0.9261173863634825,
  "mean_mWCov": 0.9334127956009665,
  "mean_mRec": 0.9665704665704667,
  "mean_mPrec": 0.8980759980759981,
  "mean_mWPrec": 0.9701858907043492,
  "mean_number_of_faces_error": 0.40404040404040403,
  "mean_over_segmentation_rate": 0.020803270803270803,
  "mean_under_segmentation_rate": 0.047029822029822026,
  "n_scenes": 99.0
}