{
  "mean_ARI": 0.8693269063775121,
  "mean_NMI": 0.8439519882610068,
  "mean_mIoU": 0.9107737570563536,
  "mean_mCov": 0.915125819470668,
  "mean_mWCov": 0.9179360946785934,
  "mean_mRec": 0.9578162578162578,
  "mean_mPrec": 0.7511999504423748,
  "mean_mWPrec": 0.940650038395566,
  "mean_number_of_faces_error": 1.2121212121212122,
  "mean_over_segmentation_rate": 0.03460798460798461,
  "mean_under_segmentation_rate": 0.08657680703135248,
  "n_scenes": 99.0
}